{
  "source": "vocals",
  "n_tracks": 50,
  "baseline": {
    "SDR": -5.387968183397124,
    "SI-SDR": -7.018874112036969,
    "SAR": -5.387968183397124
  },
  "our_model": {
    "SDR": 1.9511052722318558,
    "SI-SDR": 0.20616536005667022,
    "SAR": 1.9511052722318558
  },
  "umx_reference": {
    "SDR": 6.32,
    "SI-SDR": 13.33,
    "SAR": 6.52
  }
}